-- CardDemo Credit Card Module - Seed Data
INSERT INTO accounts (acct_id, acct_active_status, acct_curr_bal, acct_credit_limit, acct_cash_credit_limit, acct_open_date, acct_expiration_date, acct_reissue_date, acct_curr_cyc_credit, acct_curr_cyc_debit, acct_addr_zip, acct_group_id) VALUES
    ('00000000001', 'Y',  1250.00,  5000.00,  1000.00, '2018-01-15', '2028-01-15', '2023-01-15',   200.00,   350.00, '10001', 'GOLD'),
    ('00000000002', 'Y',  3400.50, 10000.00,  2000.00, '2019-03-22', '2029-03-22', '2024-03-22',   500.00,  1200.00, '90210', 'PLAT'),
    ('00000000003', 'Y',     0.00,  2500.00,   500.00, '2020-07-01', '2030-07-01', '2025-07-01',     0.00,     0.00, '30301', 'SLVR'),
    ('00000000004', 'N',  5100.00,  5000.00,  1000.00, '2017-11-05', '2022-11-05', '2022-11-05',     0.00,   100.00, '60601', 'GOLD'),
    ('00000000005', 'Y',   890.75,  7500.00,  1500.00, '2021-02-14', '2026-02-14', '2024-02-14',   100.00,   200.00, '77001', 'PLAT'),
    ('00000000006', 'Y',  2300.00,  4000.00,   800.00, '2016-09-30', '2026-09-30', '2021-09-30',   300.00,   450.00, '85001', 'SLVR'),
    ('00000000007', 'Y',    50.25,  3000.00,   600.00, '2022-04-18', '2032-04-18', '2027-04-18',    50.00,    75.00, '02101', 'GOLD'),
    ('00000000008', 'Y',  6200.00, 15000.00,  3000.00, '2015-12-25', '2025-12-25', '2020-12-25',  1000.00,  2500.00, '98101', 'PLAT'),
    ('00000000009', 'N',     0.00,  1000.00,   200.00, '2023-05-10', '2028-05-10', '2028-05-10',     0.00,     0.00, '33101', 'SLVR'),
    ('00000000010', 'Y',   415.00,  6000.00,  1200.00, '2020-10-20', '2030-10-20', '2025-10-20',    75.00,   120.00, '19101', 'GOLD'),
    ('00000000011', 'Y',  1100.00,  8000.00,  1600.00, '2019-08-08', '2029-08-08', '2024-08-08',   200.00,   300.00, '55101', 'PLAT'),
    ('00000000012', 'Y',   780.50,  3500.00,   700.00, '2021-06-15', '2031-06-15', '2026-06-15',    80.00,   150.00, '48201', 'SLVR')
ON CONFLICT (acct_id) DO NOTHING;

INSERT INTO cards (card_num, card_acct_id, card_cvv_cd, card_embossed_name, card_expiration_date, card_active_status) VALUES
    ('4111111111110001', '00000000001', '123', 'ALICE JOHNSON',        '2026-03-01', 'Y'),
    ('4111111111110002', '00000000001', '456', 'ALICE JOHNSON II',     '2025-11-01', 'N'),
    ('4111111111110010', '00000000002', '789', 'BOB SMITH',            '2027-06-01', 'Y'),
    ('4111111111110020', '00000000003', '321', 'CAROL WHITE',          '2028-01-01', 'Y'),
    ('4111111111110030', '00000000004', '654', 'DAVID BROWN',          '2022-12-01', 'N'),
    ('4111111111110040', '00000000005', '987', 'EVA DAVIS',            '2026-09-01', 'Y'),
    ('4111111111110050', '00000000006', '147', 'FRANK MILLER',         '2025-07-01', 'Y'),
    ('4111111111110060', '00000000007', '258', 'GRACE WILSON',         '2029-04-01', 'Y'),
    ('4111111111110070', '00000000008', '369', 'HENRY MOORE',          '2024-08-01', 'Y'),
    ('4111111111110080', '00000000009', '741', 'IVY TAYLOR',           '2028-02-01', 'N'),
    ('4111111111110090', '00000000010', '852', 'JAMES ANDERSON',       '2027-10-01', 'Y'),
    ('4111111111110100', '00000000011', '963', 'KAREN THOMAS',         '2026-05-01', 'Y'),
    ('4111111111110110', '00000000012', '159', 'LIAM JACKSON',         '2030-03-01', 'Y'),
    ('4111111111110120', '00000000010', '357', 'JAMES ANDERSON JR',    '2028-12-01', 'Y'),
    ('4111111111110130', '00000000011', '246', 'KAREN THOMAS REISSUE', '2031-01-01', 'Y')
ON CONFLICT (card_num) DO NOTHING;

INSERT INTO card_cross_references (xref_card_num, xref_cust_id, xref_acct_id) VALUES
    ('4111111111110001', '000000001', '00000000001'), ('4111111111110002', '000000001', '00000000001'),
    ('4111111111110010', '000000002', '00000000002'), ('4111111111110020', '000000003', '00000000003'),
    ('4111111111110030', '000000004', '00000000004'), ('4111111111110040', '000000005', '00000000005'),
    ('4111111111110050', '000000006', '00000000006'), ('4111111111110060', '000000007', '00000000007'),
    ('4111111111110070', '000000008', '00000000008'), ('4111111111110080', '000000009', '00000000009'),
    ('4111111111110090', '000000010', '00000000010'), ('4111111111110100', '000000011', '00000000011'),
    ('4111111111110110', '000000012', '00000000012'), ('4111111111110120', '000000010', '00000000010'),
    ('4111111111110130', '000000011', '00000000011')
ON CONFLICT (xref_card_num) DO NOTHING;
