-- ============================================================================
-- CardDemo COBOL-to-Databricks Migration: Sample Data Load
-- Populates Delta tables with representative test data matching
-- the COBOL VSAM file contents for pipeline validation.
-- ============================================================================

USE carddemo;

-- ============================================================================
-- 1. CUSTOMERS - 3 sample customers
-- ============================================================================
INSERT INTO customers VALUES
(1, 'John',    'A',  'Smith',   '123 Main St',        'Apt 4B',    'Springfield', 'IL', 'USA', '62701',     '217-555-0101', '217-555-0102', 123456789, 'DL-IL-12345',     '1985-03-15', 'EFT001', 'Y', 750),
(2, 'Jane',    'B',  'Doe',     '456 Oak Ave',         '',          'Chicago',     'IL', 'USA', '60601',     '312-555-0201', '',              987654321, 'DL-IL-67890',     '1990-07-22', 'EFT002', 'Y', 680),
(3, 'Robert',  'C',  'Johnson', '789 Elm Blvd',        'Suite 100', 'Seattle',     'WA', 'USA', '98101',     '206-555-0301', '206-555-0302', 111222333, 'DL-WA-11223',     '1978-11-30', 'EFT003', 'Y', 820);

-- ============================================================================
-- 2. ACCOUNTS - 3 accounts (one per customer)
-- ============================================================================
INSERT INTO accounts VALUES
(41010000001, 'Y',  1500.00,  5000.00, 1000.00, '2020-01-15', '2027-01-15', '2025-01-15',  200.00,  -150.00, '62701', 'PREMIUM'),
(41020000002, 'Y',  2500.50,  8000.00, 2000.00, '2019-06-01', '2026-06-01', '2024-06-01',  500.00,  -300.00, '60601', 'STANDARD'),
(41030000003, 'Y',  -500.25, 10000.00, 3000.00, '2018-03-10', '2028-03-10', '2026-03-10', 1000.00, -1200.00, '98101', 'PREMIUM');

-- ============================================================================
-- 3. CARD_XREF - Link cards to customers and accounts
-- ============================================================================
INSERT INTO card_xref VALUES
('4111000000001111', 1, 41010000001),
('4111000000002222', 2, 41020000002),
('4111000000003333', 3, 41030000003),
('4111000000004444', 1, 41010000001),
('4111000000005555', 2, 41020000002);

-- ============================================================================
-- 4. TRANSACTION_TYPES - Reference data
-- ============================================================================
INSERT INTO transaction_types VALUES
('01', 'Purchase'),
('02', 'Return'),
('03', 'Cash Advance'),
('04', 'Balance Transfer'),
('05', 'Payment');

-- ============================================================================
-- 5. TRANSACTION_CATEGORIES - Reference data
-- ============================================================================
INSERT INTO transaction_categories VALUES
('01', 5001, 'Retail Purchase'),
('01', 5002, 'Online Purchase'),
('01', 5003, 'Grocery'),
('01', 5004, 'Gas/Fuel'),
('01', 5005, 'Interest Charge'),
('02', 5001, 'Retail Return'),
('02', 5002, 'Online Return'),
('03', 6001, 'ATM Cash Advance'),
('04', 7001, 'Balance Transfer In'),
('05', 8001, 'Monthly Payment');

-- ============================================================================
-- 6. DISCLOSURE_GROUPS - Interest rates by group, type, and category
-- ============================================================================
INSERT INTO disclosure_groups VALUES
('PREMIUM',   '01', 5001, 15.99),
('PREMIUM',   '01', 5002, 15.99),
('PREMIUM',   '01', 5003, 15.99),
('PREMIUM',   '01', 5004, 15.99),
('PREMIUM',   '03', 6001, 24.99),
('STANDARD',  '01', 5001, 19.99),
('STANDARD',  '01', 5002, 19.99),
('STANDARD',  '01', 5003, 19.99),
('STANDARD',  '01', 5004, 19.99),
('STANDARD',  '03', 6001, 27.99),
('DEFAULT',   '01', 5001, 22.99),
('DEFAULT',   '01', 5002, 22.99),
('DEFAULT',   '01', 5003, 22.99),
('DEFAULT',   '01', 5004, 22.99),
('DEFAULT',   '03', 6001, 29.99);

-- ============================================================================
-- 7. TRANSACTION_CATEGORY_BALANCES - Starting balances
-- ============================================================================
INSERT INTO transaction_category_balances VALUES
(41010000001, '01', 5001,  350.00),
(41010000001, '01', 5002,  125.50),
(41010000001, '03', 6001,  200.00),
(41020000002, '01', 5001,  800.00),
(41020000002, '01', 5003,  450.75),
(41020000002, '01', 5004,  120.00),
(41030000003, '01', 5001, 1500.00),
(41030000003, '01', 5002,  600.25),
(41030000003, '03', 6001,  500.00);

-- ============================================================================
-- 8. DAILY_TRANSACTIONS - Batch input for CBTRN02C
--    Mix of valid, overlimit, expired-account, and invalid-card transactions.
-- ============================================================================
INSERT INTO daily_transactions VALUES
-- Valid transactions for account 41010000001 (card 4111000000001111)
('TRN2025030801', '01', 5001, 'POS',    'Coffee Shop Purchase',       25.50,  100001, 'Java Junction',      'Springfield', '62701', '4111000000001111', '2025-03-08-10.30.00.000000', NULL),
('TRN2025030802', '01', 5002, 'ONLINE', 'Amazon Online Order',       150.00,  100002, 'Amazon',             'Seattle',     '98101', '4111000000001111', '2025-03-08-11.15.00.000000', NULL),
('TRN2025030803', '01', 5003, 'POS',    'Grocery Store Purchase',     87.25,  100003, 'Fresh Mart',         'Springfield', '62701', '4111000000001111', '2025-03-08-12.00.00.000000', NULL),

-- Valid transactions for account 41020000002 (card 4111000000002222)
('TRN2025030804', '01', 5001, 'POS',    'Electronics Store',         299.99,  100004, 'Best Electronics',   'Chicago',     '60601', '4111000000002222', '2025-03-08-09.00.00.000000', NULL),
('TRN2025030805', '02', 5001, 'POS',    'Return - Defective Item',   -45.00,  100004, 'Best Electronics',   'Chicago',     '60601', '4111000000002222', '2025-03-08-09.30.00.000000', NULL),

-- Valid transactions for account 41030000003 (card 4111000000003333)
('TRN2025030806', '01', 5001, 'POS',    'Luxury Store Purchase',     750.00,  100005, 'Premium Goods',      'Seattle',     '98101', '4111000000003333', '2025-03-08-14.00.00.000000', NULL),
('TRN2025030807', '03', 6001, 'ATM',    'ATM Cash Advance',          500.00,  100006, 'ATM-Downtown',       'Seattle',     '98101', '4111000000003333', '2025-03-08-15.00.00.000000', NULL),

-- Transaction with INVALID card number (should be rejected with code 100)
('TRN2025030808', '01', 5001, 'POS',    'Unknown Card Purchase',      50.00,  100007, 'Corner Store',       'Denver',      '80201', '9999999999999999', '2025-03-08-16.00.00.000000', NULL),

-- Overlimit transaction for account 41020000002 (credit limit 8000, should be rejected with code 102)
('TRN2025030809', '01', 5001, 'ONLINE', 'Massive Online Purchase',  9000.00,  100008, 'Mega Store',         'New York',    '10001', '4111000000002222', '2025-03-08-17.00.00.000000', NULL),

-- Transaction on second card of account 41010000001 (card 4111000000004444)
('TRN2025030810', '01', 5004, 'POS',    'Gas Station Fill-Up',        65.00,  100009, 'QuickFuel',          'Springfield', '62701', '4111000000004444', '2025-03-08-08.00.00.000000', NULL);

-- ============================================================================
-- 9. TRANSACTIONS - Pre-existing posted transactions
--    (Read by CBTRN03C for reporting and CBSTM03A for statements)
-- ============================================================================
INSERT INTO transactions VALUES
('TRN2025030101', '01', 5001, 'POS',    'Grocery Purchase',           45.00,  100003, 'Fresh Mart',         'Springfield', '62701', '4111000000001111', '2025-03-01-10.00.00.000000', '2025-03-01-10.00.01.000000'),
('TRN2025030102', '01', 5002, 'ONLINE', 'Book Store Online',          22.50,  100010, 'Books R Us',         'Chicago',     '60601', '4111000000001111', '2025-03-01-14.00.00.000000', '2025-03-01-14.00.01.000000'),
('TRN2025030201', '01', 5001, 'POS',    'Restaurant Dinner',          85.00,  100011, 'Fine Dining',        'Chicago',     '60601', '4111000000002222', '2025-03-02-19.00.00.000000', '2025-03-02-19.00.01.000000'),
('TRN2025030202', '05', 8001, 'SYSTEM', 'Monthly Payment',          -500.00,  0,      '',                   '',            '',      '4111000000002222', '2025-03-02-00.00.00.000000', '2025-03-02-00.00.01.000000'),
('TRN2025030301', '01', 5001, 'POS',    'Hardware Store',            120.75,  100012, 'Home Depot',         'Seattle',     '98101', '4111000000003333', '2025-03-03-11.00.00.000000', '2025-03-03-11.00.01.000000'),
('TRN2025030302', '03', 6001, 'ATM',    'Cash Advance ATM',          200.00,  100006, 'ATM-Downtown',       'Seattle',     '98101', '4111000000003333', '2025-03-03-13.00.00.000000', '2025-03-03-13.00.01.000000'),
('TRN2025030401', '01', 5004, 'POS',    'Gas Station',                55.25,  100009, 'QuickFuel',          'Springfield', '62701', '4111000000004444', '2025-03-04-08.30.00.000000', '2025-03-04-08.30.01.000000'),
('TRN2025030402', '01', 5003, 'POS',    'Supermarket',                67.80,  100013, 'Super Save',         'Chicago',     '60601', '4111000000005555', '2025-03-04-16.00.00.000000', '2025-03-04-16.00.01.000000');
